# a, rho_de(8piGrho), cdm_code(8piGrho_a4), cdm_analytic
1.000000000000000021e-02,1.193147217699335736e-07,3.900571859275218782e-10,3.900571859275218782e-10
1.011608643249580809e-02,1.192734157937357634e-07,3.945852210710626520e-10,3.945852210710626520e-10
1.023352047097257980e-02,1.192321241173967465e-07,3.991658205791415818e-10,3.991658205791415301e-10
1.035231775930738757e-02,1.191908467359659726e-07,4.037995946536487206e-10,4.037995946536487206e-10
1.047249412298148670e-02,1.191495836444946253e-07,4.084871605801340414e-10,4.084871605801340414e-10
1.059406557118850942e-02,1.191083348380356483e-07,4.132291428100413914e-10,4.132291428100413914e-10
1.071704829896710960e-02,1.190671003116436397e-07,4.180261730438969087e-10,4.180261730438968570e-10
1.084145868935834991e-02,1.190258800603749183e-07,4.228788903154623453e-10,4.228788903154623453e-10
1.096731331558817822e-02,1.189846740792875365e-07,4.277879410768674102e-10,4.277879410768674102e-10
1.109462894327521883e-02,1.189434823634413069e-07,4.327539792847293006e-10,4.327539792847293006e-10
1.122342253266417865e-02,1.189023049078976569e-07,4.377776664872718809e-10,4.377776664872719326e-10
1.135371124088518924e-02,1.188611417077197212e-07,4.428596719124566073e-10,4.428596719124566073e-10
1.148551242423937954e-02,1.188199927579724475e-07,4.480006725571364680e-10,4.480006725571364680e-10
1.161884364051100210e-02,1.187788580537224116e-07,4.532013532772463281e-10,4.532013532772463281e-10
1.175372265130636071e-02,1.187377375900379098e-07,4.584624068790384187e-10,4.584624068790384187e-10
1.189016742441989863e-02,1.186966313619889587e-07,4.637845342113777016e-10,4.637845342113777016e-10
1.202819613622777527e-02,1.186555393646472694e-07,4.691684442591095710e-10,4.691684442591094676e-10
1.216782717410922962e-02,1.186144615930862466e-07,4.746148542375114199e-10,4.746148542375114199e-10
1.230907913889602370e-02,1.185733980423810158e-07,4.801244896878403762e-10,4.801244896878403762e-10
1.245197084735033197e-02,1.185323487076084627e-07,4.856980845739898224e-10,4.856980845739898224e-10
1.259652133467140112e-02,1.184913135838470745e-07,4.913363813802690200e-10,4.913363813802690200e-10
1.274274985703133418e-02,1.184502926661771249e-07,4.970401312103191249e-10,4.970401312103191249e-10
1.289067589414026431e-02,1.184092859496805158e-07,5.028100938871752618e-10,5.028100938871751584e-10
1.304031915184131543e-02,1.183682934294409354e-07,5.086470380544912002e-10,5.086470380544912002e-10
1.319169956473571596e-02,1.183273151005437001e-07,5.145517412789404888e-10,5.145517412789404888e-10
1.334483729883838288e-02,1.182863509580758865e-07,5.205249901538058349e-10,5.205249901538058349e-10
1.349975275426430407e-02,1.182454009971262122e-07,5.265675804037709965e-10,5.265675804037709965e-10
1.365646656794611107e-02,1.182044652127851553e-07,5.326803169909287349e-10,5.326803169909287349e-10
1.381499961638322366e-02,1.181635436001449140e-07,5.388640142220210582e-10,5.388640142220210582e-10
1.397537301842291003e-02,1.181226361542992355e-07,5.451194958569251999e-10,5.451194958569251999e-10
1.413760813807360579e-02,1.180817428703437459e-07,5.514475952183970145e-10,5.514475952183970145e-10
1.430172658735088045e-02,1.180408637433756333e-07,5.578491553030891625e-10,5.578491553030891625e-10
1.446775022915647996e-02,1.179999987684939254e-07,5.643250288938599038e-10,5.643250288938599038e-10
1.463570118019079727e-02,1.179591479407991585e-07,5.708760786733858373e-10,5.708760786733858373e-10
1.480560181389910766e-02,1.179183112553937353e-07,5.775031773390918237e-10,5.775031773390918237e-10
1.497747476345201618e-02,1.178774887073816863e-07,5.842072077194170100e-10,5.842072077194170100e-10
1.515134292476053024e-02,1.178366802918686961e-07,5.909890628914305039e-10,5.909890628914304005e-10
1.532722945952613366e-02,1.177958860039622363e-07,5.978496462998139634e-10,5.978496462998139634e-10
1.550515779832624570e-02,1.177551058387713932e-07,6.047898718772243379e-10,6.047898718772243379e-10
1.568515164373547946e-02,1.177143397914069734e-07,6.118106641660539235e-10,6.118106641660539235e-10
1.586723497348317691e-02,1.176735878569815042e-07,6.189129584416057245e-10,6.189129584416057245e-10
1.605143204364761420e-02,1.176328500306091539e-07,6.260977008366998379e-10,6.260977008366998379e-10
1.623776739188721729e-02,1.175921263074057983e-07,6.333658484677245083e-10,6.333658484677245083e-10
1.642626584070932053e-02,1.175514166824890467e-07,6.407183695621518092e-10,6.407183695621518092e-10
1.661695250077688951e-02,1.175107211509781498e-07,6.481562435875349089e-10,6.481562435875349089e-10
1.680985277425363703e-02,1.174700397079940655e-07,6.556804613820039806e-10,6.556804613820039806e-10
1.700499235818793073e-02,1.174293723486593794e-07,6.632920252862760597e-10,6.632920252862760597e-10
1.720239724793599240e-02,1.173887190680985303e-07,6.709919492771973563e-10,6.709919492771973563e-10
1.740209374062485007e-02,1.173480798614374523e-07,6.787812591028386002e-10,6.787812591028386002e-10
1.760410843865552535e-02,1.173074547238038928e-07,6.866609924191594430e-10,6.866609924191594430e-10
1.780846825324682026e-02,1.172668436503272404e-07,6.946321989282578428e-10,6.946321989282578428e-10
1.801520040802025505e-02,1.172262466361386039e-07,7.026959405182257291e-10,7.026959405182257291e-10
1.822433244262666382e-02,1.171856636763706940e-07,7.108532914046306990e-10,7.108532914046305956e-10
1.843589221641487794e-02,1.171450947661579813e-07,7.191053382736397695e-10,7.191053382736397695e-10
1.864990791214297255e-02,1.171045399006366438e-07,7.274531804268054532e-10,7.274531804268054532e-10
1.886640803973258299e-02,1.170639990749444345e-07,7.358979299275324582e-10,7.358979299275323548e-10
1.908542144006685967e-02,1.170234722842208665e-07,7.444407117492476556e-10,7.444407117492476556e-10
1.930697728883249559e-02,1.169829595236071603e-07,7.530826639252911007e-10,7.530826639252911007e-10
1.953110510040631867e-02,1.169424607882462173e-07,7.618249377005460972e-10,7.618249377005460972e-10
1.975783473178701483e-02,1.169019760732825005e-07,7.706686976848310528e-10,7.706686976848310528e-10
1.998719638657250539e-02,1.168615053738623126e-07,7.796151220080745301e-10,7.796151220080745301e-10
2.021922061898353412e-02,1.168210486851334782e-07,7.886654024772932404e-10,7.886654024772932404e-10
2.045393833793389404e-02,1.167806060022456618e-07,7.978207447353911788e-10,7.978207447353912822e-10
2.069138081114790112e-02,1.167401773203501158e-07,8.070823684218042000e-10,8.070823684218042000e-10
2.093157966932573943e-02,1.166997626345997605e-07,8.164515073350124710e-10,8.164515073350124710e-10
2.117456691035711838e-02,1.166593619401493026e-07,8.259294095969403426e-10,8.259294095969402392e-10
2.142037490358384214e-02,1.166189752321549446e-07,8.355173378192651481e-10,8.355173378192650448e-10
2.166903639411182914e-02,1.165786025057747284e-07,8.452165692716578813e-10,8.452165692716577779e-10
2.192058450717325815e-02,1.165382437561682976e-07,8.550283960519804670e-10,8.550283960519804670e-10
2.217505275253931624e-02,1.164978989784969763e-07,8.649541252584596837e-10,8.649541252584595803e-10
2.243247502898419038e-02,1.164575681679237698e-07,8.749950791638617254e-10,8.749950791638617254e-10
2.269288562880080948e-02,1.164172513196133376e-07,8.851525953916885994e-10,8.851525953916885994e-10
2.295631924236909635e-02,1.163769484287320993e-07,8.954280270944243815e-10,8.954280270944242781e-10
2.322281096277724680e-02,1.163366594904480363e-07,9.058227431338534552e-10,9.058227431338534552e-10
2.349239629049659078e-02,1.162963844999308904e-07,9.163381282634713110e-10,9.163381282634714144e-10
2.376511113811075396e-02,1.162561234523519518e-07,9.269755833130162367e-10,9.269755833130163401e-10
2.404099183509971968e-02,1.162158763428843766e-07,9.377365253751458867e-10,9.377365253751456799e-10
2.432007513267947507e-02,1.161756431667028036e-07,9.486223879942845811e-10,9.486223879942845811e-10
2.460239820869776495e-02,1.161354239189836579e-07,9.596346213576643900e-10,9.596346213576643900e-10
2.488799867258667184e-02,1.160952185949049795e-07,9.707746924885835794e-10,9.707746924885835794e-10
2.517691457037277147e-02,1.160550271896464893e-07,9.820440854419176767e-10,9.820440854419176767e-10
2.546918438974540150e-02,1.160148496983896021e-07,9.934443015018985618e-10,9.934443015018985618e-10
2.576484706518375814e-02,1.159746861163173870e-07,1.004976859382194568e-09,1.004976859382194568e-09
2.606394198314349736e-02,1.159345364386145413e-07,1.016643295428313927e-09,1.016643295428313927e-09
2.636650898730358294e-02,1.158944006604674957e-07,1.028445163822364851e-09,1.028445163822364851e-09
2.667258838387405462e-02,1.158542787770642958e-07,1.040384036790194997e-09,1.040384036790194790e-09
2.698222094696537190e-02,1.158141707835946812e-07,1.052461504810938035e-09,1.052461504810938035e-09
2.729544792402007272e-02,1.157740766752500459e-07,1.064679176828997492e-09,1.064679176828997285e-09
2.761231104130753081e-02,1.157339964472234647e-07,1.077038680468494572e-09,1.077038680468494572e-09
2.793285250948253015e-02,1.156939300947096136e-07,1.089541662250213847e-09,1.089541662250214053e-09
2.825711502920828441e-02,1.156538776129049426e-07,1.102189787811067091e-09,1.102189787811067091e-09
2.858514179684474438e-02,1.156138389970074364e-07,1.114984742126109392e-09,1.114984742126109392e-09
2.891697651020299492e-02,1.155738142422168799e-07,1.127928229733142049e-09,1.127928229733142049e-09
2.925266337436644576e-02,1.155338033437346331e-07,1.141021974959925234e-09,1.141021974959925234e-09
2.959224710757955845e-02,1.154938062967636968e-07,1.154267722154033698e-09,1.154267722154033905e-09
2.993577294720490417e-02,1.154538230965087792e-07,1.167667235915384896e-09,1.167667235915384690e-09
3.028328665574945774e-02,1.154138537381762564e-07,1.181222301331474675e-09,1.181222301331474675e-09
3.063483452696084269e-02,1.153738982169741452e-07,1.194934724215352379e-09,1.194934724215352379e-09
3.099046339199428360e-02,1.153339565281120905e-07,1.208806331346359360e-09,1.208806331346359360e-09
3.135022062565115397e-02,1.152940286668014577e-07,1.222838970713671426e-09,1.222838970713671219e-09
3.171415415268998700e-02,1.152541146282552136e-07,1.237034511762676026e-09,1.237034511762676026e-09
3.208231245421077488e-02,1.152142144076880192e-07,1.251394845644219771e-09,1.251394845644219771e-09
3.245474457411330615e-02,1.151743280003162426e-07,1.265921885466751684e-09,1.265921885466751684e-09
3.283150012563047088e-02,1.151344554013577476e-07,1.280617566551403583e-09,1.280617566551403583e-09
3.321262929793748070e-02,1.150945966060321581e-07,1.295483846690042925e-09,1.295483846690042718e-09
3.359818286283781236e-02,1.150547516095608319e-07,1.310522706406328320e-09,1.310522706406328320e-09
3.398821218152668633e-02,1.150149204071665826e-07,1.325736149219804929e-09,1.325736149219804929e-09
3.438276921143310766e-02,1.149751029940741032e-07,1.341126201913074295e-09,1.341126201913074295e-09
3.478190651314130161e-02,1.149352993655095556e-07,1.356694914802076226e-09,1.356694914802076226e-09
3.518567725739262658e-02,1.148955095167008753e-07,1.372444362009525338e-09,1.372444362009525131e-09
3.559413523216860276e-02,1.148557334428775463e-07,1.388376641741523150e-09,1.388376641741523150e-09
3.600733484985620125e-02,1.148159711392708128e-07,1.404493876567398457e-09,1.404493876567398457e-09
3.642533115449637926e-02,1.147762226011134543e-07,1.420798213702808234e-09,1.420798213702808234e-09
3.684817982911676310e-02,1.147364878236400237e-07,1.437291825296140244e-09,1.437291825296140244e-09
3.727593720314940212e-02,1.146967668020866224e-07,1.453976908718249587e-09,1.453976908718249587e-09
3.770866025993455800e-02,1.146570595316910591e-07,1.470855686855572635e-09,1.470855686855572635e-09
3.814640664431177830e-02,1.146173660076927573e-07,1.487930408406663628e-09,1.487930408406663628e-09
3.858923467029903159e-02,1.145776862253328211e-07,1.505203348182186816e-09,1.505203348182186816e-09
3.903720332886090327e-02,1.145380201798540090e-07,1.522676807408405520e-09,1.522676807408405520e-09
3.949037229576701780e-02,1.144983678665006282e-07,1.540353114034211711e-09,1.540353114034211711e-09
3.994880193954170045e-02,1.144587292805187856e-07,1.558234623041739370e-09,1.558234623041739164e-09
4.041255332950600271e-02,1.144191044171560706e-07,1.576323716760604403e-09,1.576323716760604196e-09
4.088168824391291700e-02,1.143794932716618855e-07,1.594622805185806691e-09,1.594622805185806691e-09
4.135626917817709913e-02,1.143398958392871550e-07,1.613134326299344948e-09,1.613134326299344948e-09
4.183635935320019483e-02,1.143003121152844974e-07,1.631860746395589038e-09,1.631860746395589038e-09
4.232202272379275571e-02,1.142607420949081594e-07,1.650804560410450300e-09,1.650804560410450300e-09
4.281332398719393806e-02,1.142211857734140153e-07,1.669968292254397635e-09,1.669968292254397428e-09
4.331032859169001159e-02,1.141816431460596598e-07,1.689354495149358656e-09,1.689354495149358863e-09
4.381310274533305876e-02,1.141421142081041836e-07,1.708965751969565876e-09,1.708965751969565876e-09
4.432171342476085713e-02,1.141025989548084900e-07,1.728804675586382657e-09,1.728804675586382657e-09
4.483622838411908257e-02,1.140630973814349916e-07,1.748873909217160017e-09,1.748873909217160017e-09
4.535671616408706863e-02,1.140236094832478344e-07,1.769176126778171025e-09,1.769176126778171025e-09
4.588324610100844719e-02,1.139841352555126735e-07,1.789714033241677164e-09,1.789714033241677164e-09
4.641588833612777382e-02,1.139446746934969900e-07,1.810490364997173000e-09,1.810490364997173000e-09
4.695471382493428270e-02,1.139052277924697081e-07,1.831507890216853386e-09,1.831507890216853179e-09
4.749979434661412425e-02,1.138657945477015515e-07,1.852769409225359482e-09,1.852769409225359275e-09
4.805120251361241768e-02,1.138263749544647661e-07,1.874277754873858567e-09,1.874277754873858567e-09
4.860901178130630496e-02,1.137869690080333317e-07,1.896035792918505023e-09,1.896035792918505023e-09
4.917329645779018599e-02,1.137475767036827500e-07,1.918046422403330448e-09,1.918046422403330448e-09
4.974413171377456422e-02,1.137081980366902827e-07,1.940312576047622061e-09,1.940312576047622061e-09
5.032159359259993220e-02,1.136688330023347140e-07,1.962837220637849558e-09,1.962837220637849558e-09
5.090575902036681422e-02,1.136294815958965878e-07,1.985623357424182827e-09,1.985623357424182827e-09
5.149670581618340931e-02,1.135901438126578647e-07,2.008674022521662550e-09,2.008674022521662550e-09
5.209451270253211835e-02,1.135508196479024504e-07,2.031992287316076635e-09,2.031992287316076221e-09
5.269925931575656503e-02,1.135115090969156403e-07,2.055581258874606588e-09,2.055581258874606588e-09
5.331102621667032498e-02,1.134722121549844374e-07,2.079444080361299241e-09,2.079444080361299241e-09
5.392989490128873020e-02,1.134329288173974458e-07,2.103583931457412644e-09,2.103583931457413058e-09
5.455594781168519869e-02,1.133936590794449505e-07,2.128004028786704356e-09,2.128004028786704356e-09
5.518926834697379658e-02,1.133544029364189044e-07,2.152707626345728322e-09,2.152707626345728322e-09
5.582994087441919828e-02,1.133151603836127554e-07,2.177698015939190778e-09,2.177698015939190778e-09
5.647805074067554360e-02,1.132759314163217253e-07,2.202978527620427656e-09,2.202978527620427656e-09
5.713368428315579450e-02,1.132367160298425181e-07,2.228552530137070881e-09,2.228552530137070881e-09
5.779692884153313226e-02,1.131975142194736113e-07,2.254423431381968100e-09,2.254423431381968100e-09
5.846787276937589345e-02,1.131583259805149910e-07,2.280594678849417455e-09,2.280594678849417455e-09
5.914660544591748836e-02,1.131191513082684037e-07,2.307069760096783587e-09,2.307069760096783587e-09
5.983321728796288375e-02,1.130799901980370782e-07,2.333852203211554411e-09,2.333852203211554411e-09
6.052779976193348871e-02,1.130408426451259374e-07,2.360945577283924290e-09,2.360945577283924290e-09
6.123044539605183856e-02,1.130017086448415187e-07,2.388353492884955304e-09,2.388353492884955304e-09
6.194124779266756836e-02,1.129625881924920272e-07,2.416079602550390222e-09,2.416079602550390222e-09
6.266030164072655673e-02,1.129234812833872430e-07,2.444127601270185850e-09,2.444127601270185850e-09
6.338770272838487041e-02,1.128843879128385873e-07,2.472501226983849463e-09,2.472501226983849049e-09
6.412354795576917510e-02,1.128453080761590827e-07,2.501204261081637458e-09,2.501204261081637458e-09
6.486793534788511117e-02,1.128062417686634193e-07,2.530240528911694004e-09,2.530240528911694004e-09
6.562096406767560508e-02,1.127671889856678226e-07,2.559613900293204112e-09,2.559613900293204112e-09
6.638273442923081635e-02,1.127281497224902386e-07,2.589328290035643031e-09,2.589328290035643031e-09
6.715334791115142032e-02,1.126891239744502410e-07,2.619387658464191032e-09,2.619387658464191032e-09
6.793290717006698898e-02,1.126501117368689127e-07,2.649796011951393822e-09,2.649796011951393408e-09
6.872151605431121857e-02,1.126111130050690700e-07,2.680557403455148405e-09,2.680557403455148405e-09
6.951927961775605791e-02,1.125721277743750380e-07,2.711675933063097529e-09,2.711675933063097529e-09
7.032630413380643042e-02,1.125331560401128493e-07,2.743155748543513774e-09,2.743155748543513774e-09
7.114269710955734016e-02,1.124941977976101775e-07,2.775001045902755591e-09,2.775001045902755591e-09
7.196856730011520764e-02,1.124552530421961917e-07,2.807216069949369328e-09,2.807216069949369328e-09
7.280402472308569739e-02,1.124163217692018082e-07,2.839805114864948489e-09,2.839805114864948489e-09
7.364918067322964723e-02,1.123774039739594253e-07,2.872772524781815578e-09,2.872772524781815578e-09
7.450414773728912532e-02,1.123384996518032019e-07,2.906122694367624559e-09,2.906122694367624559e-09
7.536903980898541910e-02,1.122996087980687921e-07,2.939860069416963318e-09,2.939860069416963318e-09
7.624397210419138482e-02,1.122607314080935973e-07,2.973989147450067410e-09,2.973989147450067410e-09
7.712906117627991998e-02,1.122218674772164480e-07,3.008514478318727784e-09,3.008514478318727370e-09
7.802442493165048787e-02,1.121830170007780013e-07,3.043440664819480190e-09,3.043440664819480190e-09
7.893018264543574802e-02,1.121441799741203569e-07,3.078772363314177992e-09,3.078772363314177578e-09
7.984645497739085995e-02,1.121053563925872554e-07,3.114514284358059240e-09,3.114514284358059240e-09
8.077336398796711170e-02,1.120665462515241584e-07,3.150671193335393199e-09,3.150671193335392785e-09
8.171103315457199645e-02,1.120277495462780225e-07,3.187247911102805595e-09,3.187247911102805181e-09
8.265958738801812422e-02,1.119889662721974590e-07,3.224249314640397969e-09,3.224249314640397969e-09
8.361915304916317515e-02,1.119501964246326674e-07,3.261680337710763299e-09,3.261680337710763299e-09
8.458985796574300386e-02,1.119114399989355145e-07,3.299545971526001698e-09,3.299545971526001284e-09
8.557183144940005981e-02,1.118726969904593894e-07,3.337851265422845793e-09,3.337851265422845793e-09
8.656520431290944118e-02,1.118339673945594018e-07,3.376601327546006206e-09,3.376601327546006206e-09
8.757010888760508038e-02,1.117952512065921830e-07,3.415801325539858331e-09,3.415801325539857918e-09
8.858667904100822610e-02,1.117565484219159529e-07,3.455456487248581239e-09,3.455456487248581239e-09
8.961505019466045607e-02,1.117178590358905988e-07,3.495572101424864104e-09,3.495572101424864104e-09
9.065535934216358005e-02,1.116791830438776094e-07,3.536153518447292241e-09,3.536153518447292241e-09
9.170774506742930543e-02,1.116405204412400882e-07,3.577206151046564947e-09,3.577206151046564947e-09
9.277234756314059472e-02,1.116018712233427004e-07,3.618735475040640274e-09,3.618735475040639860e-09
9.384930864942725437e-02,1.115632353855516992e-07,3.660747030078942812e-09,3.660747030078942812e-09
9.493877179275829470e-02,1.115246129232350055e-07,3.703246420395766822e-09,3.703246420395766822e-09
9.604088212505379474e-02,1.114860038317621550e-07,3.746239315573011202e-09,3.746239315573011202e-09
9.715578646301857579e-02,1.114474081065041920e-07,3.789731451312379892e-09,3.789731451312379065e-09
9.828363332770025107e-02,1.114088257428338549e-07,3.833728630217176738e-09,3.833728630217176738e-09
9.942457296427417712e-02,1.113702567361254703e-07,3.878236722583844960e-09,3.878236722583844960e-09
1.005787573620583603e-01,1.113317010817548735e-07,3.923261667203397630e-09,3.923261667203396803e-09
1.017463402747606355e-01,1.112931587750996339e-07,3.968809472172884339e-09,3.968809472172884339e-09
1.029274772409608379e-01,1.112546298115388027e-07,4.014886215717041278e-09,4.014886215717041278e-09
1.041223256048305484e-01,1.112161141864531520e-07,4.061498047020276111e-09,4.061498047020276111e-09
1.053310445370937015e-01,1.111776118952249626e-07,4.108651187069157228e-09,4.108651187069157228e-09
1.065537950562305269e-01,1.111391229332381432e-07,4.156351929505566167e-09,4.156351929505566167e-09
1.077907400499273083e-01,1.111006472958781906e-07,4.204606641490666261e-09,4.204606641490665433e-09
1.090420442967752618e-01,1.110621849785322162e-07,4.253421764579855409e-09,4.253421764579855409e-09
1.103078744882215051e-01,1.110237359765889199e-07,4.302803815608905646e-09,4.302803815608905646e-09
1.115883992507748085e-01,1.109853002854385762e-07,4.352759387591435079e-09,4.352759387591435906e-09
1.128837891684688899e-01,1.109468779004730877e-07,4.403295150627896661e-09,4.403295150627896661e-09
1.141942168055865986e-01,1.109084688170859186e-07,4.454417852826279022e-09,4.454417852826279022e-09
1.155198567296479295e-01,1.108700730306722008e-07,4.506134321234711243e-09,4.506134321234711243e-09
1.168608855346650877e-01,1.108316905366285618e-07,4.558451462786167643e-09,4.558451462786167643e-09
1.182174818646671705e-01,1.107933213303532963e-07,4.611376265255450394e-09,4.611376265255450394e-09
1.195898264374979370e-01,1.107549654072462349e-07,4.664915798228673328e-09,4.664915798228672501e-09
1.209781020688901337e-01,1.107166227627088884e-07,4.719077214085467776e-09,4.719077214085467776e-09
1.223824936968192362e-01,1.106782933921442767e-07,4.773867748994111445e-09,4.773867748994111445e-09
1.238031884061397414e-01,1.106399772909569947e-07,4.829294723919790458e-09,4.829294723919790458e-09
1.252403754535073022e-01,1.106016744545533047e-07,4.885365545646237709e-09,4.885365545646237709e-09
1.266942462925906288e-01,1.105633848783410440e-07,4.942087707810993249e-09,4.942087707810992422e-09
1.281649945995758377e-01,1.105251085577295721e-07,4.999468791954499255e-09,4.999468791954500082e-09
1.296528162989668276e-01,1.104868454881299688e-07,5.057516468583294296e-09,5.057516468583294296e-09
1.311579095896850122e-01,1.104485956649547434e-07,5.116238498247538507e-09,5.116238498247538507e-09
1.326804749714724507e-01,1.104103590836180728e-07,5.175642732633174061e-09,5.175642732633174061e-09
1.342207152716012042e-01,1.103721357395358013e-07,5.235737115668940989e-09,5.235737115668940989e-09
1.357788356718928335e-01,1.103339256281251632e-07,5.296529684648552726e-09,5.296529684648551899e-09
1.373550437360513687e-01,1.102957287448051527e-07,5.358028571368294452e-09,5.358028571368294452e-09
1.389495494373137463e-01,1.102575450849963260e-07,5.420242003280363500e-09,5.420242003280363500e-09
1.405625651864214898e-01,1.102193746441207215e-07,5.483178304662237215e-09,5.483178304662237215e-09
1.421943058599166865e-01,1.101812174176020582e-07,5.546845897802370191e-09,5.546845897802370191e-09
1.438449888287662848e-01,1.101430734008656305e-07,5.611253304202537685e-09,5.611253304202537685e-09
1.455148339873193752e-01,1.101049425893382810e-07,5.676409145797194965e-09,5.676409145797194138e-09
1.472040637826001475e-01,1.100668249784484537e-07,5.742322146190138800e-09,5.742322146190138800e-09
1.489129032439409361e-01,1.100287205636262073e-07,5.809001131908852406e-09,5.809001131908851579e-09
1.506415800129592697e-01,1.099906293403030432e-07,5.876455033676874671e-09,5.876455033676875498e-09
1.523903243738828905e-01,1.099525513039122892e-07,5.944692887704590679e-09,5.944692887704590679e-09
1.541593692842271879e-01,1.099144864498886361e-07,6.013723836998814136e-09,6.013723836998814136e-09
1.559489504058282350e-01,1.098764347736684293e-07,6.083557132691550448e-09,6.083557132691550448e-09
1.577593061362361493e-01,1.098383962706896288e-07,6.154202135388353237e-09,6.154202135388353237e-09
1.595906776404731053e-01,1.098003709363917561e-07,6.225668316536715162e-09,6.225668316536714335e-09
1.614433088831601915e-01,1.097623587662158815e-07,6.297965259814919885e-09,6.297965259814919885e-09
1.633174466610167463e-01,1.097243597556046765e-07,6.371102662541794410e-09,6.371102662541794410e-09
1.652133406357370049e-01,1.096863739000023611e-07,6.445090337107828322e-09,6.445090337107828322e-09
1.671312433672487441e-01,1.096484011948547570e-07,6.519938212428181880e-09,6.519938212428181880e-09
1.690714103473580088e-01,1.096104416356093398e-07,6.595656335418043702e-09,6.595656335418043702e-09
1.710341000337840534e-01,1.095724952177150017e-07,6.672254872490857517e-09,6.672254872490857517e-09
1.730195738845894393e-01,1.095345619366222888e-07,6.749744111079965567e-09,6.749744111079965567e-09
1.750280963930101186e-01,1.094966417877833887e-07,6.828134461184225358e-09,6.828134461184225358e-09
1.770599351226898044e-01,1.094587347666519447e-07,6.907436456938176313e-09,6.907436456938176313e-09
1.791153607433231265e-01,1.094208408686832413e-07,6.987660758207318786e-09,6.987660758207318786e-09
1.811946470667123998e-01,1.093829600893341773e-07,7.068818152209152324e-09,7.068818152209152324e-09
1.832980710832435578e-01,1.093450924240631477e-07,7.150919555160615041e-09,7.150919555160615041e-09
1.854259129987852195e-01,1.093072378683300556e-07,7.233976013952569320e-09,7.233976013952568493e-09
1.875784562720160253e-01,1.092693964175965780e-07,7.317998707852015438e-09,7.317998707852014610e-09
1.897559876521850430e-01,1.092315680673258079e-07,7.402998950232746137e-09,7.402998950232746137e-09
1.919587972173111001e-01,1.091937528129824662e-07,7.488988190335208127e-09,7.488988190335208127e-09
1.941871784128254841e-01,1.091559506500328091e-07,7.575978015056307508e-09,7.575978015056307508e-09
1.964414280906627563e-01,1.091181615739447074e-07,7.663980150769945798e-09,7.663980150769945798e-09
1.987218465488055363e-01,1.090803855801874876e-07,7.753006465179124473e-09,7.753006465179124473e-09
2.010287375712885571e-01,1.090426226642322765e-07,7.843068969200490698e-09,7.843068969200490698e-09
2.033624084686672384e-01,1.090048728215515372e-07,7.934179818882190327e-09,7.934179818882190327e-09
2.057231701189556061e-01,1.089671360476193479e-07,8.026351317355943007e-09,8.026351317355944661e-09
2.081113370090394987e-01,1.089294123379114936e-07,8.119595916824325399e-09,8.119595916824323745e-09
2.105272272765706942e-01,1.088917016879051760e-07,8.213926220584222055e-09,8.213926220584222055e-09
2.129711627523478146e-01,1.088540040930791580e-07,8.309354985087553998e-09,8.309354985087553998e-09
2.154434690031883370e-01,1.088163195489139498e-07,8.405895122040249534e-09,8.405895122040251188e-09
2.179444753752985686e-01,1.087786480508913850e-07,8.503559700540658334e-09,8.503559700540658334e-09
2.204745150381474394e-01,1.087409895944950311e-07,8.602361949258558580e-09,8.602361949258558580e-09
2.230339250288496389e-01,1.087033441752099243e-07,8.702315258655961549e-09,8.702315258655961549e-09
2.256230462970633954e-01,1.086657117885227292e-07,8.803433183250946126e-09,8.803433183250946126e-09
2.282422237504097562e-01,1.086280924299216189e-07,8.905729443925864951e-09,8.905729443925864951e-09
2.308918063004192500e-01,1.085904860948964075e-07,9.009217930281290335e-09,9.009217930281290335e-09
2.335721469090121238e-01,1.085528927789383652e-07,9.113912703037092929e-09,9.113912703037092929e-09
2.362836026355176477e-01,1.085153124775403900e-07,9.219827996482140421e-09,9.219827996482140421e-09
2.390265346842391780e-01,1.084777451861969547e-07,9.326978220974143223e-09,9.326978220974143223e-09
2.418013084525720557e-01,1.084401909004040677e-07,9.435377965491275051e-09,9.435377965491275051e-09
2.446082935796798086e-01,1.084026496156591928e-07,9.545042000237229372e-09,9.545042000237229372e-09
2.474478639957351511e-01,1.083651213274615942e-07,9.655985279301400822e-09,9.655985279301399168e-09
2.503203979717325556e-01,1.083276060313118591e-07,9.768222943376052748e-09,9.768222943376052748e-09
2.532262781698794707e-01,1.082901037227122427e-07,9.881770322532355198e-09,9.881770322532353544e-09
2.561658916945727116e-01,1.082526143971665618e-07,9.996642939057228954e-09,9.996642939057228954e-09
2.591396301439658489e-01,1.082151380501801153e-07,1.011285651035305529e-08,1.011285651035305529e-08
2.621478896621355914e-01,1.081776746772598833e-07,1.023042695190236906e-08,1.023042695190237072e-08
2.651910709918537945e-01,1.081402242739143014e-07,1.034937038029979656e-08,1.034937038029979822e-08
2.682695795279724793e-01,1.081027868356533540e-07,1.046970311635353618e-08,1.046970311635353618e-08
2.713838253714278559e-01,1.080653623579886662e-07,1.059144168825877557e-08,1.059144168825877557e-08
2.745342233838714563e-01,1.080279508364333327e-07,1.071460283484559651e-08,1.071460283484559651e-08
2.777211932429354824e-01,1.079905522665020359e-07,1.083920350890398784e-08,1.083920350890398784e-08
2.809451594981406397e-01,1.079531666437110599e-07,1.096526088058874418e-08,1.096526088058874252e-08
2.842065516274512316e-01,1.079157939635780519e-07,1.109279234090700498e-08,1.109279234090700498e-08
2.875058040944880045e-01,1.078784342216224989e-07,1.122181550529155404e-08,1.122181550529155404e-08
2.908433564064047960e-01,1.078410874133652376e-07,1.135234821726290353e-08,1.135234821726290353e-08
2.942196531724374231e-01,1.078037535343286534e-07,1.148440855218345655e-08,1.148440855218345490e-08
2.976351441631317485e-01,1.077664325800367992e-07,1.161801482110710809e-08,1.161801482110710644e-08
3.010902843702592535e-01,1.077291245460151969e-07,1.175318557472784130e-08,1.175318557472784296e-08
3.045855340674283873e-01,1.076918294277909038e-07,1.188993960743101991e-08,1.188993960743101991e-08
3.081213588714002416e-01,1.076545472208926051e-07,1.202829596145124962e-08,1.202829596145124962e-08
3.116982298041144905e-01,1.076172779208504284e-07,1.216827393114077402e-08,1.216827393114077402e-08
3.153166233554364761e-01,1.075800215231961690e-07,1.230989306735267318e-08,1.230989306735267318e-08
3.189770215466321557e-01,1.075427780234630650e-07,1.245317318194322430e-08,1.245317318194322430e-08
3.226799119945808481e-01,1.075055474171859292e-07,1.259813435239805816e-08,1.259813435239805816e-08
3.264257879767322179e-01,1.074683296999011626e-07,1.274479692658680490e-08,1.274479692658680490e-08
3.302151484968175454e-01,1.074311248671466619e-07,1.289318152765130122e-08,1.289318152765129957e-08
3.340484983513244410e-01,1.073939329144618985e-07,1.304330905903259207e-08,1.304330905903259207e-08
3.379263481967431093e-01,1.073567538373878530e-07,1.319520070964215769e-08,1.319520070964215769e-08
3.418492146175928781e-01,1.073195876314670672e-07,1.334887795918304244e-08,1.334887795918304244e-08
3.458176201952380957e-01,1.072824342922437245e-07,1.350436258362687411e-08,1.350436258362687411e-08
3.498320935775036111e-01,1.072452938152633578e-07,1.366167666085299230e-08,1.366167666085299230e-08
3.538931695490987739e-01,1.072081661960731548e-07,1.382084257645622418e-08,1.382084257645622418e-08
3.580013891028578366e-01,1.071710514302218250e-07,1.398188302972999766e-08,1.398188302972999601e-08
3.621572995118074734e-01,1.071339495132596924e-07,1.414482103983196368e-08,1.414482103983196368e-08
3.663614544020716290e-01,1.070968604407384975e-07,1.430967995213957393e-08,1.430967995213957393e-08
3.706144138266228016e-01,1.070597842082116349e-07,1.447648344480331835e-08,1.447648344480331669e-08
3.749167443398887523e-01,1.070227208112339020e-07,1.464525553550572376e-08,1.464525553550572376e-08
3.792690190732249667e-01,1.069856702453617775e-07,1.481602058843457747e-08,1.481602058843457912e-08
3.836718178112644706e-01,1.069486325061531954e-07,1.498880332147930425e-08,1.498880332147930425e-08
3.881257270691536032e-01,1.069116075891676385e-07,1.516362881365966371e-08,1.516362881365966371e-08
3.926313401706837403e-01,1.068745954899661644e-07,1.534052251279648723e-08,1.534052251279648723e-08
3.971892573273302363e-01,1.068375962041113396e-07,1.551951024343452808e-08,1.551951024343452808e-08
4.018000857182091323e-01,1.068006097271672394e-07,1.570061821502804878e-08,1.570061821502804878e-08
4.064644395709627878e-01,1.067636360546995138e-07,1.588387303040023188e-08,1.588387303040023188e-08
4.111829402435830394e-01,1.067266751822753218e-07,1.606930169448782892e-08,1.606930169448782892e-08
4.159562163071847118e-01,1.066897271054634239e-07,1.625693162338328017e-08,1.625693162338328017e-08
4.207849036297402479e-01,1.066527918198339964e-07,1.644679065368686169e-08,1.644679065368686169e-08
4.256696454607871161e-01,1.066158693209588571e-07,1.663890705218217388e-08,1.663890705218217718e-08
4.306110925171171555e-01,1.065789596044112927e-07,1.683330952584863675e-08,1.683330952584863675e-08
4.356099030694607910e-01,1.065420626657661647e-07,1.703002723222552700e-08,1.703002723222552700e-08
4.406667430301786093e-01,1.065051785005998834e-07,1.722908979014274718e-08,1.722908979014274718e-08
4.457822860419706212e-01,1.064683071044902485e-07,1.743052729083400724e-08,1.743052729083400724e-08
4.509572135676147009e-01,1.064314484730167804e-07,1.763437030944900477e-08,1.763437030944900477e-08
4.561922149807463578e-01,1.063946026017604420e-07,1.784064991698185914e-08,1.784064991698185914e-08
4.614879876576938877e-01,1.063577694863036786e-07,1.804939769263397425e-08,1.804939769263397425e-08
4.668452370703789489e-01,1.063209491222305633e-07,1.826064573663017646e-08,1.826064573663017646e-08
4.722646768802952200e-01,1.062841415051266382e-07,1.847442668350789386e-08,1.847442668350789386e-08
4.777470290335772973e-01,1.062473466305789942e-07,1.869077371590008632e-08,1.869077371590008632e-08
4.832930238571752080e-01,1.062105644941762307e-07,1.890972057883366130e-08,1.890972057883366130e-08
4.889034001561442522e-01,1.061737950915084823e-07,1.913130159456593084e-08,1.913130159456592753e-08
4.945789053120642209e-01,1.061370384181673794e-07,1.935555167798280040e-08,1.935555167798280040e-08
5.003202953826004773e-01,1.061002944697461669e-07,1.958250635258351140e-08,1.958250635258351140e-08
5.061283352022218907e-01,1.060635632418395985e-07,1.981220176707784481e-08,1.981220176707784481e-08
5.120037984840887235e-01,1.060268447300437910e-07,2.004467471262301672e-08,2.004467471262301341e-08
5.179474679231209633e-01,1.059901389299566083e-07,2.027996264072841288e-08,2.027996264072841288e-08
5.239601353002644180e-01,1.059534458371772909e-07,2.051810368185806682e-08,2.051810368185806682e-08
5.300426015879672326e-01,1.059167654473066803e-07,2.075913666476186738e-08,2.075913666476186738e-08
5.361956770568816477e-01,1.058800977559471405e-07,2.100310113656804056e-08,2.100310113656804056e-08
5.424201813838026576e-01,1.058434427587024511e-07,2.125003738367080657e-08,2.125003738367080657e-08
5.487169437608604428e-01,1.058068004511780202e-07,2.149998645344889360e-08,2.149998645344889360e-08
5.550868030059805669e-01,1.057701708289808038e-07,2.175299017685211139e-08,2.175299017685211139e-08
5.615306076746272579e-01,1.057335538877191612e-07,2.200909119189498793e-08,2.200909119189498793e-08
5.680492161728425415e-01,1.056969496230030662e-07,2.226833296809811362e-08,2.226833296809811362e-08
5.746434968715973257e-01,1.056603580304439485e-07,2.253075983191990846e-08,2.253075983191990846e-08
5.813143282224713104e-01,1.056237791056548655e-07,2.279641699322351642e-08,2.279641699322351973e-08
5.880625988746757127e-01,1.055872128442502381e-07,2.306535057282546020e-08,2.306535057282545689e-08
5.948892077934334610e-01,1.055506592418461545e-07,2.333760763117487317e-08,2.333760763117487317e-08
6.017950643797334020e-01,1.055141182940600399e-07,2.361323619821455077e-08,2.361323619821454746e-08
6.087810885914761716e-01,1.054775899965110927e-07,2.389228530447732327e-08,2.389228530447732327e-08
6.158482110660260522e-01,1.054410743448197689e-07,2.417480501347374693e-08,2.417480501347374693e-08
6.229973732441843604e-01,1.054045713346082315e-07,2.446084645542964463e-08,2.446084645542964463e-08
6.302295274956023485e-01,1.053680809615000334e-07,2.475046186243494569e-08,2.475046186243494900e-08
6.375456372456506093e-01,1.053316032211202891e-07,2.504370460506797440e-08,2.504370460506797771e-08
6.449466771037620783e-01,1.052951381090957014e-07,2.534062923056239067e-08,2.534062923056238736e-08
6.524336329932625134e-01,1.052586856210543229e-07,2.564129150258695746e-08,2.564129150258695746e-08
6.600075022827095461e-01,1.052222457526258871e-07,2.594574844271187664e-08,2.594574844271187664e-08
6.676692939187562903e-01,1.051858184994415039e-07,2.625405837363858119e-08,2.625405837363857788e-08
6.754200285605587162e-01,1.051494038571339113e-07,2.656628096427370343e-08,2.656628096427370343e-08
6.832607387157402234e-01,1.051130018213372631e-07,2.688247727673132373e-08,2.688247727673132703e-08
6.911924688779366166e-01,1.050766123876873147e-07,2.720270981535199797e-08,2.720270981535199797e-08
6.992162756659374701e-01,1.050402355518212642e-07,2.752704257783085079e-08,2.752704257783085079e-08
7.073332279644438669e-01,1.050038713093778182e-07,2.785554110855148818e-08,2.785554110855148488e-08
7.155444070664578327e-01,1.049675196559972188e-07,2.818827255422678445e-08,2.818827255422678445e-08
7.238509068173255567e-01,1.049311805873212565e-07,2.852530572195259475e-08,2.852530572195259475e-08
7.322538337604533876e-01,1.048948540989931644e-07,2.886671113978521883e-08,2.886671113978521883e-08
7.407543072847162513e-01,1.048585401866577241e-07,2.921256111995871243e-08,2.921256111995870912e-08
7.493534597735752589e-01,1.048222388459611597e-07,2.956292982486328124e-08,2.956292982486327793e-08
7.580524367559261512e-01,1.047859500725512836e-07,2.991789333591205062e-08,2.991789333591205062e-08
7.668523970587010075e-01,1.047496738620774038e-07,3.027752972542925803e-08,3.027752972542925803e-08
7.757545129612413159e-01,1.047134102101902707e-07,3.064191913169906625e-08,3.064191913169906625e-08
7.847599703514610558e-01,1.046771591125421833e-07,3.101114383732067042e-08,3.101114383732067042e-08
7.938699688838232182e-01,1.046409205647870553e-07,3.138528835102238984e-08,3.138528835102238322e-08
8.030857221391511924e-01,1.046046945625800709e-07,3.176443949309437717e-08,3.176443949309438379e-08
8.124084577862965562e-01,1.045684811015780554e-07,3.214868648460720761e-08,3.214868648460720761e-08
8.218394177456802563e-01,1.045322801774393826e-07,3.253812104059094921e-08,3.253812104059095583e-08
8.313798583547333809e-01,1.044960917858238425e-07,3.293283746735822282e-08,3.293283746735822282e-08
8.410310505352605048e-01,1.044599159223927602e-07,3.333293276416276047e-08,3.333293276416276047e-08
8.507942799627444819e-01,1.044237525828089698e-07,3.373850672939414280e-08,3.373850672939413618e-08
8.606708472376163321e-01,1.043876017627367610e-07,3.414966207151861431e-08,3.414966207151860770e-08
8.706620680585126504e-01,1.043514634578420118e-07,3.456650452498592046e-08,3.456650452498592046e-08
8.807692733975461818e-01,1.043153376637919767e-07,3.498914297133229473e-08,3.498914297133228812e-08
8.909938096776106597e-01,1.042792243762555777e-07,3.541768956572035847e-08,3.541768956572035847e-08
9.013370389517434411e-01,1.042431235909030867e-07,3.585225986916815705e-08,3.585225986916815705e-08
9.118003390845681455e-01,1.042070353034063109e-07,3.629297298673099145e-08,3.629297298673099145e-08
9.223851039358476056e-01,1.041709595094386326e-07,3.673995171191275368e-08,3.673995171191274706e-08
9.330927435461663366e-01,1.041348962046748235e-07,3.719332267759557113e-08,3.719332267759557113e-08
9.439246843247668384e-01,1.040988453847912438e-07,3.765321651379050794e-08,3.765321651379050794e-08
9.548823692395667084e-01,1.040628070454656695e-07,3.811976801252620650e-08,3.811976801252620650e-08
9.659672580093832117e-01,1.040267811823774121e-07,3.859311630020730063e-08,3.859311630020730063e-08
9.771808272983898425e-01,1.039907677912073183e-07,3.907340501778961288e-08,3.907340501778961288e-08
9.885245709128275271e-01,1.039547668676376639e-07,3.956078250913556582e-08,3.956078250913555921e-08
1.000000000000000000e+00,1.039187784073522604e-07,4.005540201793027080e-08,4.005540201793027080e-08
